name	date_of_birth
Alex Smith	08/31/2024
Alex Johnson	10/19/1938
Alex Brown	01/02/1995
Alex Taylor	02/08/2003
Alex Anderson	11/26/1979
Alex Thomas	08/03/2022
Alex Jackson	09/10/2019
Alex White	12/21/1969
Alex Harris	12/15/1998
Alex Lewis	09/11/2025
Alex Clark	03/22/1948
Alex Walker	10/16/2019
Alex Young	10/05/1962
Alex King	10/24/1933
Alex Wright	05/16/1952
Alex Scott	12/18/1945
Alex Green	11/13/1971
Alex Baker	03/08/1987
Alex Adams	07/18/1977
Alex Nelson	11/20/2006
Sam Smith	10/04/2010
Sam Johnson	01/14/1981
Sam Brown	12/21/1941
Sam Taylor	01/26/1950
Sam Anderson	08/17/1983
Sam Thomas	11/27/1949
Sam Jackson	12/29/1991
Sam White	03/04/1981
Sam Harris	09/10/1989
Sam Lewis	04/03/1951
Sam Clark	02/16/2022
Sam Walker	12/27/0000
Sam Young	11/15/1968
Sam King	06/07/2025
Sam Wright	11/12/2022
Sam Scott	10/29/1930
Sam Green	12/09/1940
Sam Baker	02/13/2013
Sam Adams	01/21/1951
Sam Nelson	12/29/1980
Jamie Smith	11/18/1998
Jamie Johnson	08/21/1998
Jamie Brown	12/17/1941
Jamie Taylor	06/24/1956
Jamie Anderson	02/28/1979
Jamie Thomas	05/31/1991
Jamie Jackson	03/16/1983
Jamie White	07/15/1990
Jamie Harris	02/23/1936
Jamie Lewis	10/20/2010
Jamie Clark	04/16/1986
Jamie Walker	04/06/2003
Jamie Young	02/25/2002
Jamie King	05/30/1997
Jamie Wright	07/25/1971
Jamie Scott	10/22/1949
Jamie Green	02/08/2012
Jamie Baker	03/24/2003
Jamie Adams	09/12/2020
Jamie Nelson	07/14/1995
Taylor Smith	02/11/1981
Taylor Johnson	10/27/2004
Taylor Brown	05/26/1929
Taylor Taylor	11/23/1967
Taylor Anderson	12/04/1950
Taylor Thomas	02/04/1999
Taylor Jackson	02/12/1949
Taylor White	06/13/1954
Taylor Harris	03/03/1961
Taylor Lewis	10/28/1967
Taylor Clark	08/12/1973
Taylor Walker	05/03/2001
Taylor Young	11/17/2022
Taylor King	01/19/0000
Taylor Wright	06/02/2020
Taylor Scott	07/30/2000
Taylor Green	03/30/1946
Taylor Baker	10/22/1928
Taylor Adams	04/25/1954
Taylor Nelson	10/02/0000
Jordan Smith	07/16/1985
Jordan Johnson	02/08/1982
Jordan Brown	05/04/2009
Jordan Taylor	03/18/2023
Jordan Anderson	12/24/0000
Jordan Thomas	05/23/2009
Jordan Jackson	10/04/1953
Jordan White	08/13/1994
Jordan Harris	08/05/1977
Jordan Lewis	05/06/1944
Jordan Clark	07/27/1994
Jordan Walker	10/29/1994
Jordan Young	02/27/2011
Jordan King	06/07/1974
Jordan Wright	09/20/1926
Jordan Scott	09/22/2002
Jordan Green	09/14/1961
Jordan Baker	10/23/1985
Jordan Adams	08/20/0000
Jordan Nelson	10/15/1976
